{"accuracy": 0.8170731707317073, "precision": 0.9142857142857143, "Recall": 0.7272727272727273}