{"accuracy": 0.7195121951219512, "precision": 0.8620689655172413, "Recall": 0.5681818181818182}