{"accuracy": 0.8414634146341463, "precision": 0.8163265306122449, "Recall": 0.9090909090909091}